{
  "Type of photography": {
    "none": null,
    "random": ["Portrait photography", "Cinematic still","Fashion photography", "Street photography", "Underwater photography", "Time-lapse photography", "Black and White photography", "360-Degree photography", "Documentary photography"],
    "manual": []
  },
  "Ethnicity": {
    "none": null,
    "random": ["African", "Caucasian", "Asian", "Latino", "Middle Eastern", "Mixed", "Native American", "Pacific Islander", "Indian", "Mediterranean", "Eastern European", "Western European", "Northern European", "Southern European", "Scandinavian", "Australasian", "African American", "Hispanic", "Jewish", "Arab"],
    "manual": []
  },
  "age":{
    "none":null,
    "random":["young", "mid-twenty",  "middle-aged", "aged", "old"],
    "manual":[]
  },
  "Subject":{
    "none":null,
    "random":["woman", "man"],
    "manual":[]
  },
  "Hair/woman style": {
    "none": null,
    "random": ["Short hair", "Long hair", "Curly hair", "Straight hair", "Female bald", "Mohawk hair", "Afro", "Pixie hair", "Bob hair", "Wavy hair", "Braided hair", "Dreadlocks", "Top Knot hair", "Updo hair", "Quiff hair", "Faux Hawk hair", "Undercut hair", "Layered hair", "Feathered hair", "Spiky hair", "Lob hair", "Shag cut", "Asymmetrical cut", "A-line bob cut", "French bob", "Cornrows hair", "Box braids hair", "Fishtail braids hair", "Dutch braids hair", "Waterfall braids hair", "French braids hair", "Micro braids hair"],
    "manual": []
  },
    "Hair/man style": {
    "none": null,
    "random": ["Box fade hair", "Flat top haircut", "Blowout hairstyle", "Undercut with design", "Bald", "Short textured fringe", "Afro", "Afro taper fade", "High skin fade hair", "Frohawk", "Taper fade hair with waves", "Dreadlocks", "Short messy curls hair", "Razor fade hair with curls", "Modern caesar cut", "Wavy undercut", "Side-swept fringe", "Textured brush back hair", "Faded afro", "Bowl haircut with fade", "Crew cut", "Buzz cut", "Pompadour hair", "Fade hair", "Caesar cut"],
    "manual": []
  },
  "Hair color": {
    "none": null,
    "random": ["Brown hair", "Blonde hair", "Black hair", "Red hair", "Gray hair", "Multicolored hair", "Platinum Blonde hair", "Dirty Blonde hair", "Honey Blonde hair", "Strawberry Blonde hair", "Auburn hair", "Chestnut hair", "Chocolate Brown hair", "Caramel Brown hair", "Copper hair", "Mahogany hair", "Burgundy hair", "Jet Black hair", "Pastel hair", "Silver hair"],
    "manual": []
  },
  "Hair accessories":{
    "none": null,
    "random": ["Bun cover", "Hairpods", "Hair bell", "Hair bobbles", "Hair bow", "Hairclip", "Hairpin", "Hair flower", "Hair tubes", "Kanzanshi", "Hair tie", "Hairband", "Hair weapon", "Headband", "Scrunchie", "Wig", "Beanie", "Hat", "Cap", "Santa hat"],
    "manual": []
  },
  "Eyes": {
    "none": null,
    "random": ["Blue eyes", "Green eyes", "Brown eyes", "Hazel eyes", "Gray eyes", "Amber eyes", "Violet eyes", "Red eyes", "Black eyes", "Albino eyes", "Heterochromia eyes", "Asian eyes", "Round eyes", "Oval eyes", "Almond eyes", "Upturned eyes", "Downturned eyes", "Monolid eyes", "Double Eyelid eyes", "Hooded eyes", "Deep Set eyes"],
    "manual": []
  },
  "Lips shape": {
    "none": null,
    "random": ["Parted lips", "Closed lips", "Smiling lips", "Pouting lips", "Biting lips", "Neutral lips", "Plump lips", "Thin lips", "Cupid's Bow lips", "Full lips", "Round lips", "Heart-shaped lips", "Bow-shaped lips", "Wide lips", "Small lips", "Medium lips", "Large lips", "Defined Cupid's Bow lips", "Soft Cupid's Bow lips", "Flat Cupid's Bow lips", "Upper Lip Mole lip", "Lower Lip Mole lips"],
    "manual": []
  },
  "Face shape": {
    "none": null,
    "random": ["Oval face", "Square face", "Round face", "Heart face", "Diamond face", "Long face", "Triangle face", "Inverted Triangle face", "Rectangle face", "Oblong face", "Pear face", "Circle face", "Square with Rounded Jaw", "Square with Sharp Jaw", "Square with Soft Jaw face", "Round with Defined Cheekbones face", "Round with Soft Cheekbones face", "Round with High Cheekbones face", "Heart with Pointed Chin face", "Heart with Rounded Chin face", "Heart with V-Shape Chin face"],
    "manual": []
  },
  "Emotion": {
    "none": null,
    "random": ["Happy", "Sad", "Surprised", "Angry", "Neutral", "Excited", "Disgusted", "Fearful", "Calm", "Confused", "Amused", "Sarcastic", "Bored", "Anxious", "Curious", "Joyful", "Pensive", "Proud", "Shy", "Silly"],
    "manual": []
  },
   "Body shape": {
    "none": null,
    "random": ["Short body", "Tall body", "Small body", "Midweight body", "Overweight body", "Fat body", "Buxom body", "Voluptuous body", "Hefty body", "Plump body", "Obese body", "Morbidly obese body", "Stout body", "Rotund body", "Thick body", "Beefy body", "Portly body", "Chubby body", "Buff body", "Fit body", "Well-built body", "Well-endowed", "Muscular body", "Stocky body", "Curvy body", "Flyweight body", "Skinny body", "Slender body", "Lanky body", "Slim body", "Slight body", "Tiny body", "Large body", "Petite body"],
    "manual":[]
  },
  "Pose": {
    "none": null,
    "random": ["Standing", "Sitting", "Walking", "Running", "Jumping", "Dancing", "Kneeling", "Lying down", "Leaning", "Twirling", "Stretching", "Bending", "Reaching", "Crouching", "Lifting", "Balancing", "Skipping", "Cartwheel", "Handstand", "Headstand"],
    "manual": []
  },
  "Clothes style": {
    "none": null,
    "random": ["Casual dress", "Formal dress", "Sporty dress", "Bohemian dress", "Vintage dress", "Streetwear dress", "Business Casual dress", "Business Professional dress", "Smart Casual dress", "Business Formal dress", "Cocktail dress", "Party dress", "Club dress", "Casual Chic dress", "Retro dress", "Gothic dress", "Punk dress", "Preppy dress", "Hipster dress", "Edgy dress"],
    "manual": []
  },
  "Lighting": {
    "none": null,
    "random": ["Cinematic lighting", "Natural light", "Soft light", "Harsh light", "Backlight", "Top light", "Side light", "Underlighting", "Rim light", "Key light", "Fill light", "Rembrandt lighting", "Loop lighting", "Butterfly lighting", "Split lighting", "Broad lighting", "Short lighting", "Low-key lighting", "High-key lighting", "Ambient light"],
    "manual": []
  },
  "Time of day": {
    "none": null,
    "random": ["Sunrise", "Morning", "Afternoon", "Golden hour", "Blue hour", "Sunset", "Evening", "Night", "Moonlight"],
    "manual": []
  },
  "Weather": {
    "none": null,
    "random": ["Sunny", "Volumetric", "Partly cloudy", "Rainy", "Snowy", "Overcast", "Foggy", "Hazy", "Clear sky", "Snowstorm", "Dark clouds", "Drizzle", "Heavy rain", "Hailstorm", "Crepuscular rays"],
    "manual": []
  },
  "Photo backdrop": {
    "none": null,
    "random": ["Solid white background", "Classic black background", "Neutral gray background", "Chroma key green background", "Royal blue background", "Deep red background", "muted brown background", "soft pink background", "gradient blue to white background", "vintage woodgrain background", "midnight black background", "urban concrete background", "autumn orange background", "ocean blue background", "subtle beige background", "vibrant yellow background", "lavander hues background", "silver sparkle background", "forest green background", "retro polka dots background"],
    "manual": []
  },
  "Background": {
    "none": null,
    "random": ["Cityscape", "Nature", "Studio", "Abstract", "Industrial", "Beach", "Forest", "Desert", "Mountain", "Lake", "Countryside", "Urban", "Street", "Graffiti", "Wall", "Brick wall", "Wooden wall", "Concrete wall", "Metal wall", "Waterfall", "River", "Bridge", "Building", "Alley", "Park", "Garden", "Field", "Meadow", "Sunset", "Sunrise", "Dusk", "Dawn", "Skyline", "Skyscraper"],
     "manual":[]
  },
  "Camera": {
    "none": null,
    "random": ["Sony A7 III", "Canon EOS R", "Nikon Z6", "Fuji X-T4", "Panasonic Lumix S1", "Leica Q2", "Olympus OM-D E-M1 Mark III", "Pentax K-1 Mark II", "Sigma fp", "Hasselblad X1D II 50C", "Fujifilm GFX 100S", "Nikon D850", "Canon EOS-1D X Mark III", "Sony Alpha 1", "Nikon D6", "Canon EOS R5", "Sony A7R IV", "Canon EOS RP", "Nikon Z50", "Fujifilm X-T4", "Sony A6400", "Canon EOS M50"]
  },
  "Camera distance": {
    "none": null,
    "random": ["Close-up", "Medium shot", "Medium close-up shot", "Extreme close-up", "Full body shot","Over-the-shoulder shot", "Bird's eye view", "Cowboy shot", "Panning shot", "Aerial shot", "Long shot", "Upper body shot", "Full shot", "Establishing shot", "Drone shot", "Tracking shot", "Crane shot", "Steadicam shot", "Zoom shot", "Static shot", "Handheld shot", "Point of view shot"]
  },
  "Camera angle": {
    "none": null,
    "random": ["Eye level", "High angle", "Low angle", "side profile shot", "From behind", "From beside", "Slightly above", "Top view", "Off center shot", "Tilted angle", "Dutch angle", "Canted angle", "From back", "Silhouette shot", "Straight-on angle", "Overhead angle", "Ground level angle", "Worm's-eye view", "Slanted angle", "Oblique angle", "Upside-down angle", "Sideways angle", "Horizontal angle", "Vertical angle", "Diagonal angle", "Isometric angle", "Top-down angle"]
  }
}